<?xml version="1.0" encoding="ISO-8859-1"?>
<project xmlns="http://maven.apache.org/POM/4.0.0" xmlns:xsi="http://www.w3.org/2001/XMLSchema-instance"
  xsi:schemaLocation="http://maven.apache.org/POM/4.0.0 http://maven.apache.org/maven-v4_0_0.xsd">
  <modelVersion>4.0.0</modelVersion>

  <parent>
    <groupId>org.hamcrest</groupId>
    <artifactId>hamcrest-parent</artifactId>
    <version>1.3</version>
  </parent>

  <artifactId>hamcrest-core</artifactId>
  <packaging>jar</packaging>
  <name>Hamcrest Core</name>
  <description>
    This is the core API of hamcrest matcher framework to be used by third-party framework providers. This includes the a foundation set of matcher implementations for common operations.
  </description>
</project>
