<?xml version="1.0" encoding="ISO-8859-1"?>
<project xmlns="http://maven.apache.org/POM/4.0.0" xmlns:xsi="http://www.w3.org/2001/XMLSchema-instance" xsi:schemaLocation="http://maven.apache.org/POM/4.0.0 http://maven.apache.org/maven-v4_0_0.xsd">
  <modelVersion>4.0.0</modelVersion>
  <parent>
    <groupId>org.objenesis</groupId>
    <artifactId>objenesis-parent</artifactId>
    <version>2.4</version>
  </parent>
  <artifactId>objenesis</artifactId>

  <name>Objenesis</name>
  <description>A library for instantiating Java objects</description>
  <url>http://objenesis.org</url>

  <build>
    <plugins>
      <plugin>
        <groupId>com.keyboardsamurais.maven</groupId>
        <artifactId>maven-timestamp-plugin</artifactId>
      </plugin>
      <plugin>
        <groupId>com.mycila.maven-license-plugin</groupId>
        <artifactId>maven-license-plugin</artifactId>
      </plugin>
      <plugin>
        <groupId>org.apache.maven.plugins</groupId>
        <artifactId>maven-remote-resources-plugin</artifactId>
      </plugin>
      <plugin>
        <groupId>org.apache.felix</groupId>
        <artifactId>maven-bundle-plugin</artifactId>
        <extensions>true</extensions>
        <configuration>
          <instructions>
            <Import-Package>
            COM.newmonics.PercClassloader;resolution:=optional,
            sun.misc;resolution:=optional,
            sun.reflect;resolution:=optional
            </Import-Package>
          </instructions>
        </configuration>
      </plugin>
    </plugins>
  </build>

  <profiles>
    <profile>
      <!-- Activate to create the release bundle -->
      <id>release</id>
      <build>
        <plugins>
          <plugin>
            <groupId>org.apache.maven.plugins</groupId>
            <artifactId>maven-assembly-plugin</artifactId>
            <configuration>
              <attach>false</attach>
              <descriptors>
                <descriptor>assembly.xml</descriptor>
              </descriptors>
            </configuration>
            <executions>
              <execution>
                <id>make-assembly</id>
                <phase>package</phase>
                <goals>
                  <goal>single</goal>
                </goals>
              </execution>
            </executions>
          </plugin>
        </plugins>
      </build>
    </profile>
  </profiles>
</project>
